[{"key": "uicustomizer", "name": "UI Customizer", "url": "https://github.com/LazeMSS/OctoPrint-UICustomizer"}, {"key": "Octoslack", "name": "Octoslack", "url": "https://github.com/fraschetti/Octoslack"}, {"key": "PrintTimeGenius", "name": "PrintTimeGenius Plugin", "url": "https://github.com/eyal0/OctoPrint-PrintTimeGenius"}, {"key": "obico", "name": "Obico for OctoPrint", "url": "https://www.obico.io/"}, {"key": "dashboard", "name": "Dashboard", "url": "https://github.com/j7126/OctoPrint-Dashboard"}, {"key": "bedlevelvisualizer", "name": "Bed Visualizer", "url": "https://github.com/jneilliii/OctoPrint-BedLevelVisualizer"}]