{
  "CE3_18650_cap_v3.gcode": {
    "hash": "3b6b566102bad0bccfde234922ff3c30abea1d25",
    "history": [
      {
        "timestamp": 1686709238.3029861,
        "success": false,
        "printerProfile": "_default"
      },
      {
        "timestamp": 1686709571.2425678,
        "success": false,
        "printerProfile": "_default"
      },
      {
        "timestamp": 1686714158.5005105,
        "printTime": 4577.290083064989,
        "success": true,
        "printerProfile": "_default"
      }
    ],
    "statistics": {
      "averagePrintTime": {
        "_default": 4577.290083064989
      },
      "lastPrintTime": {
        "_default": 4577.290083064989
      }
    },
    "analysis": {
      "printingArea": {
        "maxX": 120.275,
        "maxY": 200.0,
        "maxZ": 17.88,
        "minX": 0.1,
        "minY": 20.0,
        "minZ": 0.0
      },
      "dimensions": {
        "depth": 180.0,
        "height": 17.88,
        "width": 120.17500000000001
      },
      "estimatedPrintTime": 3935.7088303462733,
      "filament": {
        "tool0": {
          "length": 2773.28707,
          "volume": 0.0
        }
      }
    }
  },
  "CE3_18650_v3_U18-34.gcode": {
    "hash": "904f938862a2f2c73484b0f42203003613424e9f"
  }
}