{
  "mer_5050goose.gcode": {
    "hash": "c465b6c0fee049ecff57ef70b2120c12d6a8d667",
    "analysis": {
      "printingArea": {
        "maxX": 187.853,
        "maxY": 200.0,
        "maxZ": 59.4,
        "minX": 0.1,
        "minY": 20.0,
        "minZ": 0.0
      },
      "dimensions": {
        "depth": 180.0,
        "height": 59.4,
        "width": 187.75300000000001
      },
      "estimatedPrintTime": 4745.0270275094,
      "filament": {
        "tool0": {
          "length": 3174.3588100000043,
          "volume": 0.0
        }
      }
    },
    "history": [
      {
        "timestamp": 1682591925.3190563,
        "success": false,
        "printerProfile": "_default"
      }
    ],
    "statistics": {
      "averagePrintTime": {},
      "lastPrintTime": {}
    }
  }
}